Sector,Main Sector,industry
"3D Printing, Manufacturing, Product Design",Manufacturing,manufacturing
"Automotive, Battery, Electric Vehicle, Manufacturing, Mechanical Design",Manufacturing,manufacturing
"Automotive, Battery, Energy, Energy Storage",Manufacturing,manufacturing
"Automotive, Electric Vehicle, Energy",Manufacturing,manufacturing
"Automotive, Electric Vehicle, Energy Storage",Manufacturing,manufacturing
"Automotive, Electric Vehicle, Renewable Energy",Manufacturing,manufacturing
Autonomous Vehicles,Manufacturing,manufacturing
"Battery, Electric Vehicle, Energy, Renewable Energy, Transportation",Manufacturing,manufacturing
"Computer, Furniture, Software",Manufacturing,manufacturing
Consumer Electronics,Manufacturing,manufacturing
"Consumer Electronics, Embedded Systems, Hardware, Smart Building, Software",Manufacturing,manufacturing
"Consumer Goods, Manufacturing",Manufacturing,manufacturing
Electric Vehicle,Manufacturing,manufacturing
Manufacturing,Manufacturing,manufacturing
"Manufacturing, Oil and Gas, Robotics",Manufacturing,manufacturing
"Manufacturing, Retail",Manufacturing,manufacturing
Mobile,Manufacturing,manufacturing
Packaging Services,Manufacturing,manufacturing
"Advertising, Consulting, Digital Marketing",Marketing & Communication,business
"Brand Marketing, Event Promotion, Marketing, Sponsorship, Ticketing",Marketing & Communication,business
Marketing,Marketing & Communication,business
"Marketing, Social Media, Video",Marketing & Communication,business
"Marketplace, Real Estate, Rental Property",Marketing & Communication,business
"Advertising, Artificial Intelligence, Digital Media, iOS, Location Based Services, News, Video, Video on Demand, Video Streaming",Media Technology,business
"Analytics, Audio, Digital Media, Innovation Management, Internet Radio, Media and Entertainment",Media Technology,business
"Apps, Events, News",Media Technology,business
Digital Media,Media Technology,business
"Digital Media, EBooks, Publishing, Reading Apps",Media Technology,business
"Digital Media, Incubators, Social Entrepreneurship",Media Technology,business
"Digital Media, Internet, Media and Entertainment, Online Portals, Social Media",Media Technology,business
"Digital Media, News, Publishing",Media Technology,business
"File Sharing, Personalization, Social Media",Media Technology,business
"News, Publishing, Social Media",Media Technology,business
Social Media,Media Technology,business
"Social Media, Sports",Media Technology,business
"Basketball, Cricket, Cycling, eSports, Fitness, Golf, Health Care, Hockey, Sports, Swimming, Table Tennis, Volley Ball",Sports & Fitness,sports
"Digital Entertainment, Fantasy Sports, Gaming, Sports",Sports & Fitness,sports
"Digital Entertainment, Fantasy Sports, Sports",Sports & Fitness,sports
"Fitness, Sporting Goods, Sports",Sports & Fitness,sports
Sports,Sports & Fitness,sports
"Analytics, Computer Vision, Enterprise Software, Machine Learning, Natural Language Processing, Speech Recognition",Technology,technology
Apps,Technology,technology
"Apps, Audio",Technology,technology
"Apps, Collaboration, Developer Platform, Enterprise Software, Messaging, Productivity Tools, Video Chat",Technology,technology
"Apps, Home Services, Information Services, Information Technology",Technology,technology
"Apps, Information Services, Information Technology",Technology,technology
"Apps, Mobile, Mobile Apps, Software",Technology,technology
"Artificial Intelligence, Information Technology",Technology,technology
"Artificial Intelligence, Product Search, SaaS, Service Industry, Software",Technology,technology
"B2B, Biometrics, Cyber Security, Fraud Detection, SaaS, Security",Technology,technology
"B2B, Information Services, Information Technology",Technology,technology
"Big Data, Data Visualization, Logistics, Software",Technology,technology
"Blockchain, Developer Tools, Enterprise Software",Technology,technology
"Cloud Computing, Computer, SaaS, Software",Technology,technology
"Cloud Computing, Computer, Semiconductor",Technology,technology
"Cloud Computing, Computer, Software",Technology,technology
"Cloud Computing, Enterprise Software, Network Hardware, Network Security, SaaS",Technology,technology
"Cloud Infrastructure, PaaS, SaaS",Technology,technology
"Consumer Applications, Information Services, Location Based Services, Virtual Assistant",Technology,technology
"Customer Service, Software, Video, Video Streaming",Technology,technology
Technology,Technology,technology
"Fraud Detection, Information Services, Security",Technology,technology
HR tech,Technology,technology
Industrial Automation,Technology,technology
"Industrial Automation, Logistics, Supply Chain Management",Technology,technology
"Industrial, Industrial Automation",Technology,technology
"Information Services, Information Technology",Technology,technology
"Information Services, Information Technology, InsurTech",Technology,technology
"Information Services, Information Technology, Mobile, Software",Technology,technology
"Information Services, Internet, Logistics, Supply Chain Management, Transportation",Technology,technology
Information Technology,Technology,technology
"Information Technology, Logistics, Supply Chain Management",Technology,technology
"Information Technology, Mobile, News, Operating Systems, Social Media, Social News",Technology,technology
"Information Technology, SaaS, Security",Technology,technology
Internet,Technology,technology
"Internet of Things, Robotics",Technology,technology
"Internet of Things, Telecommunications",Technology,technology
"Internet of Things, Waste Management",Technology,technology
"Internet, Knowledge Management",Technology,technology
"Internet, Leisure, Marketplace",Technology,technology
"Internet, Marketplace, Shopping",Technology,technology
"Internet, Mobile Apps, Social Network",Technology,technology
"Internet, Mobile, Social Entrepreneurship, Telecommunications, Wireless",Technology,technology
"Internet, Social Entrepreneurship",Technology,technology
"Internet, Social Network, TV",Technology,technology
"Internet, Social News, Sports",Technology,technology
"Internet, Software",Technology,technology
IoT,Technology,technology
"Mobile, Mobile Apps, Personalization, Test and Measurement, Web Apps",Technology,technology
"Mobile, Software, Travel",Technology,technology
Nanotechnology,Technology,technology
Reading Apps,Technology,technology
Robotics & AI,Technology,technology
SaaS,Technology,technology
Search Engine,Technology,technology
"Smart Cities, Telecommunications",Technology,technology
Software,Technology,technology
"Software, Virtual Reality",Technology,technology
"Air Transportation, Freight Service, Logistics, Marine Transportation",Transport & Logistics,transport
"Apps, B2B, Freight Service, Logistics, SaaS, Shipping, Supply Chain Management, Transportation",Transport & Logistics,transport
"Apps, Mobile, Transportation",Transport & Logistics,transport
"Delivery Service, Logistics, Service Industry",Transport & Logistics,transport
"Delivery, Drones, Geospatial, Robotics",Transport & Logistics,transport
"Delivery, Information Technology, Mobile Apps",Transport & Logistics,transport
"Delivery, Logistics, Transportation",Transport & Logistics,transport
"Last Mile Transportation, Railroad, Transportation, Travel",Transport & Logistics,transport
Logistics,Transport & Logistics,transport
"Logistics, Railroad, Transportation",Transport & Logistics,transport
"Logistics, Supply Chain Management",Transport & Logistics,transport
"Logistics, Transportation, Travel",Transport & Logistics,transport
Automotive,Transportation,transport
"Automotive, Last Mile Transportation, Peer to Peer, Ride Sharing",Transportation,transport
"Automotive, Rental, Sharing Economy",Transportation,transport
Transportation,Transportation,transport
"Fitness, GreenTech, Internet of Things, Mobile Apps, Ride Sharing, Transportation",Transportation,transport
"Rental, Taxi Service, Travel",Transportation,transport
"Audio, Mobile, Tourism, Travel","Travel, Tourism & Hospitality",hospitality
"Autonomous Vehicles, Last Mile Transportation, Recreational Vehicles, Rental","Travel, Tourism & Hospitality",hospitality
"Business Travel, Hospitality, Hotel, Marketplace, Tourism, Travel Accommodations","Travel, Tourism & Hospitality",hospitality
"Communities, Leisure, Mobile Apps, Software","Travel, Tourism & Hospitality",hospitality
"Tourism, Travel","Travel, Tourism & Hospitality",hospitality
Travel,"Travel, Tourism & Hospitality",hospitality
Hospitality,"Travel, Tourism & Hospitality",hospitality
"Hospitality, Hotel, Leisure, Travel","Travel, Tourism & Hospitality",hospitality
"Hospitality, Information Technology, Travel Accommodations","Travel, Tourism & Hospitality",hospitality
"Hospitality, Real Estate","Travel, Tourism & Hospitality",hospitality
"Classifieds, Internet, Marketplace, Rental Property",Adtech,business
"Computer, Digital Marketing, Facilities Support Services, Graphic Design, Internet, Mobile Apps, Social Media Marketing, Web Development",Adtech,business
"Digital Marketing, SEM, SEO, Web Development",Adtech,business
"Advertising, Internet, Marketing",Adtech,business
Aerospace,Aerospace,aerospace
"Agriculture, Farmers Market, Farming",Agribusiness,agriculture
"Agriculture, Farming",Agribusiness,agriculture
"Agriculture, Mobile",Agribusiness,agriculture
"B2B, Farming, Marketplace",Agribusiness,agriculture
Agriculture,Agriculture,agriculture
Farming,Agriculture,agriculture
"Agriculture, AgTech, Artificial Intelligence, Internet of Things, Machine Learning",Agritech,agriculture
"Agriculture, AgTech, Manufacturing",Agritech,agriculture
"Agriculture, Analytics, Big Data, Farming",Agritech,agriculture
AgriTech,Agritech,agriculture
"AgTech, B2B, Supply Chain Management",Agritech,agriculture
AI,AI,technology
AI & Tech,AI,technology
Artificial Intelligence,AI,technology
"Artificial Intelligence, Business Intelligence, Industrial Automation, Machine Learning",AI,technology
"Artificial Intelligence, Cloud Computing, Video",AI,technology
"Artificial Intelligence, Computer, Machine Learning",AI,technology
"Artificial Intelligence, Machine Learning, PaaS",AI,technology
"Artificial Intelligence, Machine Learning, SaaS, Virtual Assistant",AI,technology
"Artificial Intelligence, Social",AI,technology
Biopharma,Biotech,biotech
Biotechnology,Biotech,biotech
"Biotechnology, Diabetes, Health Care",Biotech,biotech
"Biotechnology, Health Care, Life Science, Medical Device",Biotech,biotech
"Biotechnology, Health Care, Pharmaceutical",Biotech,biotech
"Biotechnology, Health Care, Wellness",Biotech,biotech
"Biotechnology, Life Science, Pharmaceutical, Product Research",Biotech,biotech
"Collaboration, Communities, Coworking, Real Estate",Building and real estate,building & real estate
"Commercial Real Estate, Coworking, Office Administration, Real Estate",Building and real estate,building & real estate
"Enterprise Resource Planning (ERP), Information Services, Information Technology, Real Estate",Building and real estate,building & real estate
"Online Portals, Property Management, Rental",Building and real estate,building & real estate
"Advertising, Human Resources, Marketing",Business,business
"Automotive, Retail",Business,business
"B2B, Marketplace",Business,business
"B2B, Shoes",Business,business
"Business Development, Market Research, Outsourcing",Business,business
"Business Intelligence, Customer Service, Market Research, SaaS",Business,business
"Collaboration, Communities, Coworking, Sharing Economy",Business,business
"Communities, Coworking, Incubators",Business,business
Consumer,Business,business
Consumer Goods,Business,business
"Customer Service, Information Technology, Internet, Sales Automation",Business,business
"Customer Service, Messaging, Mobile Apps, Personalization",Business,business
Facilities Support Services,Business,business
"Funding Platform, Incubators, Non Profit",Business,business
Human Resources,Business,business
Market Research,Business,business
Rental,Business,business
Retail,Business,business
"Analytics, CRM, Loyalty Programs, Machine Learning, Marketing Automation, Retail Technology, SaaS, Small and Medium Businesses",Business & Technology,business
"Analytics, Apps, Market Research",Consultation,business
Consulting,Consultation,business
"Consulting, Cyber Security, Network Security",Consultation,business
"Consulting, Retail, Social",Consultation,business
"Accounting, Business Information Systems, Business Travel, Finance, SaaS",E-Business,business
"B2B, Business Development, Internet, Marketplace",E-Business,business
"Cryptocurrency, Trading Platform",E-Business,business
"Apps, Beauty, Consumer, Retail",E-Commerce,business
"Apps, E-Commerce, Internet",E-Commerce,business
"Apps, E-Commerce, Internet, Mobile, Ride Sharing, Transportation",E-Commerce,business
"Apps, Education, Retail",E-Commerce,business
"Apps, Payments, Retail",E-Commerce,business
"Automotive, E-Commerce",E-Commerce,business
"Automotive, E-Commerce Platforms, Marketplace",E-Commerce,business
"Automotive, E-Commerce, Information Services",E-Commerce,business
"Automotive, E-Commerce, Marketplace",E-Commerce,business
"Automotive, E-Commerce, Mobile",E-Commerce,business
"Automotive, Marketplace, Online Portals",E-Commerce,business
"Automotive, Search Engine, Service Industry",E-Commerce,business
"B2B, E-Commerce, Enterprise",E-Commerce,business
"B2B, E-Commerce, Mobile",E-Commerce,business
"Consumer Electronics, E-Commerce, E-Commerce Platforms, Electronics, Shipping, Shopping",E-Commerce,business
"Cooking, E-Commerce, Food and Beverage, Food Delivery, Online Portals",E-Commerce,business
"Delivery Service, E-Commerce, Logistics",E-Commerce,business
Trading Platform,E-Commerce,business
Ecommerce,E-Commerce,business
E-Commerce,E-Commerce,business
"E-Commerce Platforms, Retail, SaaS",E-Commerce,business
"E-Commerce, E-Commerce Platforms, Furniture, Home Decor, Internet",E-Commerce,business
"E-Commerce, E-Commerce Platforms, Internet, Mobile Apps, Social Media",E-Commerce,business
"E-Commerce, E-Commerce Platforms, Internet, Retail",E-Commerce,business
"E-Commerce, E-Commerce Platforms, Retail",E-Commerce,business
"E-Commerce, Education, Health Care",E-Commerce,business
"E-Commerce, Facilities Support Services, Procurement, Supply Chain Management",E-Commerce,business
"E-Commerce, Fashion, Jewelry, Retail",E-Commerce,business
"E-Commerce, Fashion, Lifestyle",E-Commerce,business
"E-Commerce, Fashion, Mobile",E-Commerce,business
"E-Commerce, Fashion, Shopping",E-Commerce,business
"E-Commerce, Fitness, Health Care",E-Commerce,business
"E-Commerce, Food and Beverage, Internet",E-Commerce,business
"E-Commerce, Food and Beverage, Tea",E-Commerce,business
"E-Commerce, Food Processing",E-Commerce,business
"E-Commerce, Furniture, Home Decor, Interior Design, Internet",E-Commerce,business
"E-Commerce, Furniture, Interior Design",E-Commerce,business
"E-Commerce, Health Care, Retail",E-Commerce,business
"E-Commerce, Mobile, Retail",E-Commerce,business
"E-Commerce, Mobile, Sharing Economy",E-Commerce,business
"E-Commerce, Retail, Shopping",E-Commerce,business
E-marketplace,E-Commerce,business
"Android, Big Data, Blockchain, Cloud Computing, EdTech, Education, Information Technology, iOS, Training, Web Development",Edtech,education
"Big Data, EdTech, Machine Learning",Edtech,education
"Career Planning, Education, Internet",Edtech,education
"Children, Education, Online Portals",Edtech,education
"Commercial, E-Learning, Education",Edtech,education
"Continuing Education, EdTech, Education, Skill Assessment",Edtech,education
Edtech,Edtech,education
"EdTech, Education",Edtech,education
"EdTech, Education, Enterprise Software, Peer to Peer",Edtech,education
"EdTech, Education, Higher Education, Secondary Education",Edtech,education
"EdTech, Education, Information Services, SaaS",Edtech,education
"EdTech, Education, Knowledge Management",Edtech,education
"EdTech, Education, Mobile, Tutoring",Edtech,education
"Education, Gaming, Training",Edtech,education
"Education, Information Technology, Internet, Mobile, Software",Edtech,education
E-Learning,Edtech,education
"E-Learning, EdTech, Education",Edtech,education
"E-Learning, EdTech, Education, Image Recognition, Machine Learning, STEM Education",Edtech,education
"E-Learning, Education",Edtech,education
"E-Learning, Education, Higher Education",Edtech,education
"E-Learning, Internet",Edtech,education
"E-Learning, Internet, Video Games",Edtech,education
"Career Planning, Education, Higher Education, Service Industry",Education,education
"Children, Education, Parenting",Education,education
Training,Education,education
Education,Education,education
"Education, Human Resources",Education,education
"Human Resources, Security, Training",Education,education
"Energy, Energy Storage, Infrastructure",Energy,Energy
"Energy, Environmental Consulting, Renewable Energy, Solar",Energy,Energy
"Energy, Natural Resources",Energy,Energy
"Energy, Renewable Energy, Solar",Energy,Energy
"Energy, Solar",Energy,Energy
"Environmental Consulting, Renewable Energy",Energy,Energy
Renewable Energy,Energy,Energy
"Artificial Intelligence, Drones, Navigation, Packaging Services, Robotics",Energytech,Energy
"Artificial Intelligence, Energy, Oil and Gas",Energytech,Energy
"Clean Energy, CleanTech, Laundry and Dry-cleaning",Energytech,Energy
CleanTech,Energytech,Energy
"Broadcasting, Media and Entertainment, Music, Music Streaming, Video, Video Streaming",Entertainment,entertaintainment
Digital Entertainment,Entertainment,entertaintainment
"Digital Entertainment, Mobile, PC Games",Entertainment,entertaintainment
"Media and Entertainment, News, Outdoors",Entertainment,entertaintainment
"Media and Entertainment, News, Publishing",Entertainment,entertaintainment
Music Streaming,Entertainment,entertaintainment
"Music, Social Network, Video",Entertainment,entertaintainment
Wedding,Events,business
Events,Events,business
"Consumer Goods, Lifestyle, Men's",Fashion & Lifestyle,Fashion & Lifestyle
"Consumer, Furniture, Home Decor, Home Improvement",Fashion & Lifestyle,Fashion & Lifestyle
"Dating, Private Social Networking",Fashion & Lifestyle,Fashion & Lifestyle
Fashion,Fashion & Lifestyle,Fashion & Lifestyle
"Fashion, Graphic Design, Wearables",Fashion & Lifestyle,Fashion & Lifestyle
"Fashion, Jewelry",Fashion & Lifestyle,Fashion & Lifestyle
"Fashion, Lifestyle, Rental",Fashion & Lifestyle,Fashion & Lifestyle
"Fashion, Lifestyle, Retail",Fashion & Lifestyle,Fashion & Lifestyle
"Home Decor, Home Improvement, Home Renovation, Home Services, Interior Design, Smart Home",Fashion & Lifestyle,Fashion & Lifestyle
"Home Decor, Interior Design",Fashion & Lifestyle,Fashion & Lifestyle
Interior design,Fashion & Lifestyle,Fashion & Lifestyle
"Accounting, Banking, Finance",Finance,finance
Banking,Finance,finance
"Banking, E-Learning, Trading Platform",Finance,finance
"Banking, Finance, Financial Services",Finance,finance
"Banking, Finance, Financial Services, Non Profit",Finance,finance
"Banking, Financial Services, Internet",Finance,finance
"Consumer Lending, Financial Services, Lending, Personal Finance",Finance,finance
"Credit Cards, Payments, Property Insurance, Property Management, Rental Property",Finance,finance
"Credit, Financial Services, Lending, Marketplace",Finance,finance
"Crowdfunding, Finance, Financial Services",Finance,finance
"Crowdfunding, Financial Services, Internet",Finance,finance
"Crowdsourcing, Financial Services, Funding Platform, Venture Capital",Finance,finance
Wealth Management,Finance,finance
Finance,Finance,finance
"Finance, Financial Exchanges, Financial Services, Micro Lending",Finance,finance
"Finance, Financial Services",Finance,finance
"Finance, Financial Services, Insurance",Finance,finance
"Finance, Financial Services, Marketing",Finance,finance
"Finance, Financial Services, Small and Medium Businesses",Finance,finance
Financial Services,Finance,finance
"Financial Services, Insurance, Private Social Networking",Finance,finance
"Financial Services, Lending",Finance,finance
"Financial Services, Lending, Peer to Peer",Finance,finance
"Financial Services, Micro Lending",Finance,finance
"Financial Services, Professional Services",Finance,finance
"Financial Services, Venture Capital",Finance,finance
"Health Insurance, Insurance, Life Insurance",Finance,finance
Insurance,finance,finance
Mobile Payments,Finance,finance
"Accounting, Apps, FinTech",Fintech,finance
"Apps, Financial Services, FinTech",Fintech,finance
"Banking, Financial Services, FinTech",Fintech,finance
"Big Data, Business Intelligence, Financial Services, FinTech, Personal Finance",Fintech,finance
"Big Data, Consumer Lending, FinTech",Fintech,finance
"Big Data, Financial Services, Machine Learning, Predictive Analytics",Fintech,finance
"Computer, FinTech, Risk Management, Software",Fintech,finance
"Consumer Lending, Finance, FinTech",Fintech,finance
"Consumer Lending, Financial Services, FinTech, Insurance, Lending, Mobile Payments, Payments, Wealth Management",Fintech,finance
"Consumer Lending, FinTech",Fintech,finance
"Consumer, Financial Services, FinTech",Fintech,finance
"Credit Cards, Finance, Mobile Apps, Mobile Payments, Payments",Fintech,finance
"Credit, Finance, FinTech, Lending, Sales Automation",Fintech,finance
"Credit, Financial Services, FinTech, Lending",Fintech,finance
"Credit, Financial Services, FinTech, Personal Finance",Fintech,finance
"Education, Financial Services, FinTech",Fintech,finance
"Finance, Financial Services, FinTech",Fintech,finance
"Finance, FinTech, Mobile Payments",Fintech,finance
"Finance, FinTech, Payments, Property Development, Rental",Fintech,finance
"Finance, Impact Investing, Internet",Fintech,finance
"Finance, Impact Investing, Mobile Apps",Fintech,finance
"Finance, Internet, Travel",Fintech,finance
"Financial Services, FinTech",Fintech,finance
"Financial Services, SaaS, Security",Fintech,finance
Fintech,Fintech,finance
"FinTech, Internet, Payments, Service Industry",Fintech,finance
"FinTech, Mobile, Mobile Payments, Payments, Retail Technology",Fintech,finance
Insurance technology,Fintech,finance
"B2B, Food and Beverage, Food Delivery",Food,food
"Catering, Food and Beverage, Food Delivery, Food Processing",Food,food
"Delivery Service, Food and Beverage, Food Delivery",Food,food
Food,food,food
Food & Nutrition,food,food
Food and Beverage,food,food
"Food and Beverage, Food Delivery",food,food
"Food and Beverage, Food Delivery, Internet",food,food
"Food and Beverage, Food Delivery, Snack Food",food,food
"Food and Beverage, Food Processing",food,food
"Food and Beverage, Food Processing, Manufacturing",food,food
"Food and Beverage, Food Processing, Nutrition",food,food
"Food and Beverage, Food Processing, Organic Food, Snack Food",food,food
"Food and Beverage, Restaurants, Tea",food,food
"Food and Beverage, Snack Food",food,food
"Food and Beverage, Snack Food, Tea",food,food
"Food and Beverage, Tea",food,food
Food Delivery,food,food
"Food Delivery, Food Processing, Internet",food,food
"Food Delivery, Hospitality, Reservations, Restaurants, Search Engine",food,food
"Food Delivery, Online Portals, Restaurants",food,food
"Food Delivery, Organic, Organic Food",food,food
Food Processing,food,food
"Food Processing, Retail",food,food
Foodtech,food,food
"eSports, Gaming, Video Games",Gaming & eSports,Gaming & eSports
"Fantasy Sports, Mobile, Sports",Gaming & eSports,Gaming & eSports
"Gaming, iOS, Sports",Gaming & eSports,Gaming & eSports
"Online Games, Software",Gaming & eSports,Gaming & eSports
"Government, Information Technology, Software",Government,Government
"Alternative Medicine, Health Care",Health Care,health
"Beauty, Cosmetics, Health Care, Service Industry",Health Care & Wellness,health
"Beauty, Fashion, Wellness",Health Care & Wellness,health
"Beauty, Fitness, Home Services, Internet",Health Care & Wellness,health
"Beauty, Health Care",Health Care & Wellness,health
"Child Care, Health Care, Hospital, Medical, Women's",Health Care & Wellness,health
Cosmetics,Health Care & Wellness,health
Veterinary,Health care & Wellness,health
Wellness,Health Care & Wellness,health
"Dental, Elder Care, Health Care, Home Health Care, Personal Health",Health Care & Wellness,health
"Dietary Supplements, Food and Beverage, Health Care, Organic Food, Snack Food",Health Care & Wellness,health
"Enterprise Software, Health Care, Hospital, Parenting, Personal Health, SaaS",Health Care & Wellness,health
"Fitness, Food and Beverage, Health Care, Nutrition",Health Care & Wellness,health
"Fitness, Health Care, Wellness",Health Care & Wellness,health
Health Care,Health Care & Wellness,health
"Health Care, Health Insurance",Health Care & Wellness,health
"Health Care, Hospital",Health Care & Wellness,health
"Health Care, Hospital, Medical",Health Care & Wellness,health
"Health Care, Hospital, Supply Chain Management",Health Care & Wellness,health
"Health Care, Hospital, Wellness",Health Care & Wellness,health
"Health Care, Hospitality",Health Care & Wellness,health
"Health Care, Medical",Health Care & Wellness,health
"Health Care, Medical Device, Mobile Apps",Health Care & Wellness,health
"Health Care, Medical Device, Public Safety",Health Care & Wellness,health
"Health Care, Medical, Pharmaceutical",Health Care & Wellness,health
"Health Care, Pharmaceutical, Wellness",Health Care & Wellness,health
Health Diagnostics,Health Care & Wellness,health
Healthcare,Health Care & Wellness,health
Hospital,Health Care & Wellness,health
Medical,Health Care & Wellness,health
Medical Device,Health Care & Wellness,health
"Medical, Tourism",Health Care & Wellness,health
Pharmaceutical,Health Care & Wellness,health
"Apps, Fitness, Health Care, mHealth",Healthtech,health
"Apps, Health Care, Hospital, Mobile Apps",Healthtech,health
"Apps, Health Care, Internet, Mobile Apps, Personal Health",Healthtech,health
"Apps, Health Care, Pharmaceutical",Healthtech,health
"B2B, Medical Device",Healthtech,health
"Child Care, Information Technology",Healthtech,health
"Creative Agency, Crowdfunding, EdTech, Health Care, Internet, Medical, Non Profit, Personal Health",Healthtech,health
"Embedded Systems, Health Care, Medical, Product Research",Healthtech,health
"Eyewear, Internet",Healthtech,health
"Health Care, Health Diagnostics, Internet of Things, Life Science, Machine Learning, Medical, Medical Device",Healthtech,health
"Health Care, Health Diagnostics, Predictive Analytics",Healthtech,health
"Health Care, Hospital, Medical, Robotics",Healthtech,health
"Health Care, Information Technology",Healthtech,health
"Health Care, Information Technology, Management Information Systems",Healthtech,health
"Apps, Messaging, Navigation, Public Safety",ICT,technology
"Artificial Intelligence, Human Resources, Information Services, Information Technology",ICT,technology
,,
,,
,,
,,
,,
,,
,,
,,
,,
,,
,,
,,
,,
,,
,,
,,
,,
,,
,,
,,
,,
,,
,,
,,
,,
,,
,,
,,
,,
,,
,,
,,
,,
,,
,,
,,
,,
,,
,,
,,
,,
,,
,,
,,
,,
,,
,,
,,
,,
,,
,,
,,
,,
,,
,,
,,
,,
,,
,,
,,
,,
,,
,,
,,
,,
,,
,,
,,
,,
,,
,,
,,
,,
,,
,,
,,
,,
,,
,,
,,
,,
,,
,,
,,
,,
,,
,,
,,
,,
,,
,,
,,
,,
,,
,,
,,
,,
,,
,,
,,
,,
,,
,,
,,
,,
,,
E-commerce,,
SaaS,,
E-Sports,,
Technology,,
AgriTech,,
Foodtech,,
,,
Cosmetics,,
B2B,,
,,
Jewellery,,
,,
,,
AgriTech,,
Food & tech,,
Logistics,,
Accomodation,,
Automotive tech,,
Automotive tech,,
E-commerce,,
Legal tech,,
Edtech,,
Food,,
Mutual Funds,,
Cybersecurity,,
Edtech,,
Automobile,,
Logistics,,
Automobile,,
Healthtech,,
Yoga & wellness,,
Virtual Banking,,
Accomodation,,
Transportation,,
Transport & Rentals,,
Technology,,
Marketing & Customer loyalty,,
Infratech,,
Hospitality,,
Automobile & Technology,,
Automobile,,
Banking,,
AgriTech,,
EdTech,,
Hygiene management,,
Escrow,,
AgriTech,,
AgriTech,,
EdTech,,
Networking platform,,
FinTech,,
Crowdsourcing,,
Food & Bevarages,,
HealthTech,,
Fashion startup,,
Food & Bevarages,,
Food Industry,,
Food Delivery,,
Virtual auditing startup,,
E-commerce,,
FinTech,,
FinTech,,
Gaming,,
FinTech,,
FinTech,,
Work fulfillment,,
FinTech,,
FinTech,,
AI startup,,
Telecommunication,,
Food Industry,,
E-commerce,,
AgriTech,,
Logistics,,
FinTech,,
EdTech,,
Tech Startup,,
Sports,,
E-commerce,,
E-commerce,,
Retail,,
Medtech,,
Tyre management,,
FinTech,,
Cloud company,,
Software company,,
Venture capitalist,,
Renewable player,,
FinTech,,
EdTech,,
IoT startup,,
SaaS startup,,
FinTech,,
HealthTech,,
HealthTech,,
Aero company,,
Marketing company,,
Retail startup,,
FinTech,,
EdTech,,
Co-working Startup,,
Logistics,,
Finance company,,
FinTech,,
AgriTech,,
Tech company,,
Solar Monitoring Company,,
SaaS startup,,
Video sharing platform,,
Gaming startup,,
E-commerce,,
Video streaming platform,,
Consumer appliances,,
E-commerce,,
FinTech,,
EdTech,,
Gaming startup,,
HealthTech,,
Blockchain startup,,
Conversational AI platform,,
E-commerce,,
AgriTech,,
Real Estate,,
Venture capitalist,,
E-commerce,,
EdTech,,
Finance company,,
Finance company,,
SaaS platform,,
EdTech,,
SaaS platform,,
AI platform,,
EdTech,,
EdTech,,
Fusion beverages,,
HR Tech,,
Gaming,,
Job portal,,
Hospitality,,
Job portal,,
Digital Media,,
FinTech,,
FinTech,,
AI startup,,
Dairy startup,,
Content management,,
Retail,,
Spacetech,,
HealthTech,,
Transportation,,
Trading platform,,
FinTech,,
Tech company,,
FinTech,,
AI Company,,
Tech company,,
Photonics startup,,
FinTech,,
EdTech,,
EdTech,,
HealthTech,,
Entertainment,,
Cosmetics,,
Scanning app,,
FinTech,,
Skincare startup,,
EdTech,,
E-commerce,,
Food and Beverages,,
AI startup,,
EdTech,,
Biotechnology company,,
AI startup,,
Gaming startup,,
FinTech,,
HealthTech,,
E-commerce,,
Gaming startup,,
FinTech,,
FoodTech,,
Proptech,,
HealthTech,,
CleanTech,,
SaaS startup,,
HealthTech,,
Tech Startup,,
SaaS platform,,
Biotechnology company,,
FinTech,,
E-commerce,,
Fitness startup,,
Cosmetics,,
Venture capitalist,,
FinTech,,
Healthcare,,
SaaS startup,,
E-commerce,,
FinTech,,
HealthTech,,
AgriTech,,
PaaS startup,,
Entertainment,,
EdTech,,
Retail,,
Beverages,,
HealthTech,,
EdTech,,
E-commerce,,
Social Media,,
Automobiles,,
SaaS startup,,
FinTech,,
Fashion startup,,
EdTech,,
Food & Bevarages,,
Deeptech,,
EV startup,,
EdTech,,
EdTech,,
AR/VR startup,,
E-commerce,,
Recruitment startup,,
HealthTech,,
QSR startup,,
Video platform,,
Food & Bevarages,,
EdTech,,
EdTech,,
AI startup,,
Logistics,,
Gaming,,
AI startup,,
Hospitality,,
AgriTech,,
FinTech,,
AgriTech,,
AgriTech,,
E-commerce,,
FinTech,,
Transportation,,
FinTech,,
Edtech,,
E-commerce,,
Fertility tech,,
FinTech,,
Luxury car startup,,
Healthcare,,
Cosmetics,,
E-commerce,,
Gaming startup,,
Cosmetics,,
FM,,
Healthcare,,
E-commerce,,
Retail,,
E-commerce,,
Food,,
Edtech,,
Nutrition sector,,
AgriTech,,
FinTech,,
Tech platform,,
Healthcare,,
Video,,
Retail Tech,,
Tech company,,
FinTech,,
AI startup,,
Cosmetics,,
FinTech,,
Edtech,,
AI startup,,
Edtech,,
Medtech,,
HeathTech,,
Edtech,,
Automobiles,,
Social Media,,
Retail startup,,
Gaming,,
Medtech,,
Retail,,
Sles and marketing,,
LegalTech,,
Edtech,,
SaaS startup,,
Car Service,,
E-commerce,,
Tech Startup,,
FoodTech,,
Tech Startup,,
Bike marketplace,,
Agri tech,,
Automobiles,,
Fitness startup,,
FoodTech,,
Food & Bevarages,,
Tech Startup,,
Real Estate,,
SaaS startup,,
Reatil startup,,
AR platform,,
EV startup,,
FinTech,,
Deeptech,,
LegalTech,,
FinTech,,
Consumer Goods,,
AI startup,,
FinTech,,
Food Industry,,
Food Industry,,
Content marketplace,,
Interior Design,,
Healthcare,,
Healthcare,,
Tech company,,
AgriTech,,
Edtech,,
FinTech,,
FinTech,,
SaaS startup,,
Retail,,
Edtech,,
AI startup,,
Rental space,,
AgriTech,,
Soil-Tech,,
Recruitment startup,,
AI startup,,
FinTech,,
Edtech,,
Ayurveda tech,,
Packaging solution startup,,
SaaS startup,,
Gaming,,
Hospitality,,
Cleantech,,
Social Media,,
LegalTech,,
Gaming,,
Sanitation solutions,,
SaaS startup,,
Tech company,,
E-commerce,,
Edtech,,
AgriTech,,
Tech company,,
HealthCare,,
FinTech,,
E-commerce,,
E-commerce,,
HealthCare,,
Home Design,,
InsureTech,,
AgriTech,,
AI Startup,,
Tech Startup,,
Entertainment,,
Tech company,,
Tech company,,
EdTech,,
Entertainment,,
Solar solution,,
E-commerce,,
FinTech,,
FinTech,,
HealthCare,,
EdTech,,
Jewellery startup,,
Multinational conglomerate company,,
FinTech,,
Deeptech startup,,
Social Network,,
Publication,,
Publication,,
Entertainment,,
SaaS platform,,
Tech,,
Tech Startup,,
HealthTech,,
Food,,
Fashion,,
Finance,,
Finance,,
Finance,,
EdTech,,
Real Estate,,
Venture capital,,
Entreprenurship,,
Food devlivery,,
Tech Startup,,
Entertainment,,
AgriTech,,
Cosmetics,,
Warehouse,,
AgriTech,,
Logistics,,
Online financial service,,
Eyeglasses,,
Battery design,,
Online credit management startup,,
Beverage,,
Tech Startup,,
EdTech,,
HealthCare,,
E-commerce,,
EdTech,,
Car Service,,
Food devlivery,,
SaaS startup,,
Tech,,
TravelTech,,
Fitness startup,,
E-commerce,,
Tech company,,
EdTech,,
E-commerce,,
EV startup,,
EdTech,,
EdTech,,
EdTech,,
SaaS startup,,
E-commerce,,
Agriculture,,
Startup laboratory,,
Food Industry,,
FinTech,,
Tech Startup,,
E-commerce,,
HealthTech,,
Entertainment,,
AgriTech,,
SaaS startup,,
Personal care startup,,
FinTech,,
Tech Startup,,
FinTech,,
Entertainment,,
SaaS startup,,
Customer service company,,
SaaS  startup,,
Tech Startup,,
Marketing startup,,
Service industry,,
Social media,,
AI,,
Jewellery,,
Hospitality,,
Tech Startup,,
AR startup,,
HR Tech startup,,
Automotive Startup,,
Food Startup,,
HealthCare,,
Publication,,
FinTech,,
Fitness startup,,
EdTech Startup,,
E-commerce,,
EdTech Startup,,
Tech Startup,,
Tech,,
Finance,,
EdTech,,
Car Trade,,
EdtTech,,
Manufacturing,,
EdTech,,
Job portal,,
Tech,,
Tech,,
AI Platform,,
Home Design,,
Automation,,
Gaming,,
Solar SaaS,,
WL & RAC protection,,
Social commerce,,
AgriTech,,
SaaS startup,,
Home interior services,,
Fashion,,
Finance,,
EdTech Startup,,
Agritech startup,,
API platform,,
Deep Tech,,
EdTech Startup,,
Electricity,,
Automotive company,,
Entertainment,,
FMCG,,
FinTech,,
FinTech,,
Insurance Tech,,
EdTech,,
EdTech,,
Video personalization,,
Software Company,,
FinTech,,
FinTech,,
Gaming,,
Biomaterial startup,,
Venture capital,,
Health,,
IT,,
Finance,,
Craft Beer,,
E-commerce,,
E-commerce,,
Entertainment,,
Healthtech,,
AI startup,,
Education,,
Education,,
Investment,,
Fashion,,
Health,,
Tech,,
TravelTech,,
Entertainment,,
Healthcare,,
EdTech,,
Linguistic Spiritual,,
Tech,,
Construction,,
Battery manufacturer,,
Fashion,,
Nano Distribution Network,,
E-commerce,,
Tech,,
AI health,,
Dating app,,
Media,,
Gaming,,
EdTech,,
Fintech,,
AI,,
Healthcare/Edtech,,
Social Commerce,,
AI,,
Agritech/Commerce,,
Mobility tech,,
EdTech,,
Social e-commerce,,
Food & Logistics,,
EdTech,,
SpaceTech,,
Nutrition Tech,,
Tech,,
HR,,
Healthtech,,
Fintech,,
Fintech,,
EdTech,,
Media,,
IoT,,
Media,,
Fintech,,
,,
IoT,,
EdTech,,
Agritech,,
Fintech,,
Interior design,,
Foodtech,,
AI,,
Fintech,,
Fintech,,
AI,,
AR/VR,,
Media,,
Media,,
AI,,
AI,,
Appliance,,
HR tech,,
IoT,,
Tech,,
Food tech,,
Tech,,
Foodtech,,
Media,,
Media,,
Hospitality,,
Mental Health,,
Healthtech,,
Ecommerce,,
Gaming,,
Social commerce,,
Edtech,,
Fintech,,
Tech,,
Fintech,,
Media,,
Solar Solution,,
Edtech,,
Foodtech,,
SaaS,,
Social e-commerce,,
Automobile,,
HR tech,,
Agritech,,
Fintech,,
B2B marketplace,,
Edtech,,
Fashion Tech,,
Nutrition tech,,
Health & Wellness,,
Edtech,,
,,
Agritech,,
Cloud Kitchen,,
Edtech,,
IoT,,
IoT/Automobile,,
Edtech,,
Fashion,,
Edtech,,
IoT,,
Healthtech,,
Ecommerce,,
Tech,,
Eye Wear,,
SaaS,,
Beverage,,
Food,,
Edtech,,
Automobile,,
Digital tech,,
Automobile,,
Health & Wellness,,
Data Intelligence,,
Edtech,,
Fintech,,
Co-living,,
Ecommerce,,
Agritech,,
Fintech,,
Food & Beverages,,
Edtech,,
Food,,
Fashion,,
Retail Tech,,
Automotive,,
Media,,
B2B,,
AI,,
Defense tech,,
Edtech,,
Marketplace,,
Fintech,,
Fintech,,
Construction tech,,
Fintech,,
Digital Media,,
Health & Wellness,,
Food,,
Ecommerce,,
Edtech,,
Fintech,,
Gaming,,
Healthtech,,
Nutrition,,
Fintech,,
Medtech,,
Coworking,,
Micro-mobiity,,
Logistics,,
Marketplace,,
Auto-tech,,
Food,,
Beauty,,
AI,,
Edtech,,
Fintech,,
Robotics,,
Yoga & wellness,,
Fintech,,
Agritech,,
Logitech,,
Ecommerce,,
Med Tech,,
Life sciences,,
Edtech,,
SaaS,,
Food,,
SaaS,,
AI,,
Tech,,
Retail Aggregator,,
Agritech,,
Deep Tech AI,,
Biotech,,
Blockchain,,
HrTech,,
Healthtech,,
Mobility/Transport,,
Edtech,,
Gaming,,
Travel,,
Agritech,,
Foodtech,,
Ecommerce,,
Fintech,,
Rental,,
AI & Debt,,
SaaS/Edtech,,
Logitech,,
Transport,,
Nutrition,,
SaaS,,
Healthtech,,
Foodtech,,
Fintech,,
Co-working,,
Logistics,,
Edtech,,
Healthtech,,
Logistics,,
AI,,
Insurtech,,
Cryptocurrency,,
Fintech,,
Automotive tech,,
Insurtech,,
Healthtech,,
AI,,
,,
Fintech,,
Fintech,,
Media,,
Legal,,
Fintech,,
Fintech,,
Edtech,,
Logitech,,
Agritech,,
Edtech,,
Fintech,,
,,
Healthtech,,
Fitness,,
Fintech,,
Rental,,
EV,,
"Supply chain, Agritech",,
SaaS,,
,,
B2B,,
SaaS,,
Logitech,,
AI,,
Ecommerce,,
Healthtech,,
Healthtech,,
Pharma,,
Fintech,,
Fintech,,
Spacetech,,
Logistics,,
AI,,
Agritech,,
Fintech,,
SaaS,,
Insurance technology,,
Gaming,,
Foodtech & Logistics,,
Healthtech,,
Media,,
Media,,
Food,,
Healthtech,,
,,
Logistics,,
Healthtech,,
Media,,
Housing,,
Edtech,,
Edtech,,
Pharmaceutical,,
Edtech,,
Tech,,
Ecommerce,,
Yoga & wellness,,
AI,,
Digital Media,,
,,
Fintech,,
Data Analytics,,
Fitness,,
Investment Tech,,
Beverage,,
Fintech,,
Ecommerce,,
Edtech,,
Logistics,,
Edtech,,
IT,,
Financial Services,,
IoT,,
Automobile,,
Agritech,,
Biopharma,,
,,
Fintech,,
Dairy,,
Beauty & wellness,,
Edtech,,
Media,,
Real Estate,,
Foodtech,,
Fintech,,
Travel & SaaS,,
Digital Media,,
SaaS,,
Healthcare,,
Tourism & EV,,
AI,,
Media Tech,,
Gaming,,
Fintech,,
Healthtech,,
Health,,
Location Analytics,,
Logistics,,
Food tech,,
Fintech,,
Logistics,,
Tech,,
Fintech,,
E store,,
Fintech,,
Edtech,,
Food,,
Tech,,
Gaming,,
Agritech,,
Edtech,,
Fintech,,
Foodtech,,
Healthtech,,
Foodtech,,
Logistics,,
Fintech,,
Data Science,,
Fintech,,
SaaS,,
Ecommerce,,
Fintech,,
,,
Edtech,,
Healthtech,,
Agritech,,
Ecommerce,,
Insurance,,
Healthcare,,
Edtech,,
Health and Fitness,,
SaaS,,
IoT,,
Automobile,,
Fitness,,
Marketplace,,
Fintech,,
Food,,
Healthtech,,
Fintech,,
Media,,
Technology,,
Interior & decor,,
Ecommerce,,
Healthtech,,
Automobile,,
Edtech,,
SaaS,,
Technology,,
Fintech,,
Spacetech,,
Fintech,,
Fintech,,
Fintech,,
Cleantech,,
Social e-commerce,,
FMCG,,
B2B,,
Tech,,
Edtech,,
eMobility,,
Real Estate,,
Fintech,,
Automation tech,,
Fintech,,
Media & Networking,,
Foodtech,,
FMCG,,
Ecommerce,,
Edtech,,
Ecommerce,,
E-market,,
Food & Beverages,,
Proptech,,
AI & Data science,,
Agritech,,
Fintech,,
Beverages,,
Healthtech,,
Travel tech,,
Social e-commerce,,
Real Estate,,
Automotive and Rentals,,
Ecommerce,,
Fintech,,
Fintech,,
Edtech,,
E-tail,,
Accomodation,,
Fintech,,
Automotive,,
AI & Media,,
Healthtech,,
Machine Learning,,
Media,,
Fintech,,
Travel,,
Deeptech,,
Content Marktplace,,
Fintech,,
IT,,
Fintech,,
Visual Media,,
Edtech,,
Ecommerce,,
Automobile,,
Fintech,,
Hygiene,,
Foodtech,,
Foodtech,,
SaaS,,
Edtech,,
Proptech,,
Logistics,,
Insurtech,,
Transport,,
VR & SaaS,,
Ecommerce,,
Cleantech,,
Sales & Services,,
Edtech,,
Edtech,,
AI & Deep learning,,
Social Commerce,,
Transport,,
Housing & Rentals,,
Edtech,,
Co-working,,
Fitness,,
Estore,,
SaaS,,
,,
Fintech,,
Edtech,,
Fintech,,
Agritech,,
Fintech,,
Edtech,,
Ecommerce,,
,,
Healthtech,,
Marketing,,
Edtech,,
Beverages,,
SaaS,,
Tech,,
E-market,,
E-market,,
Edtech,,
Agritech,,
HR tech,,
Media,,
Agritech,,
Media,,
Agritech,,
Edtech,,
Fintech,,
Media,,
Fintech,,
Food tech,,
E tailor,,
Fintech,,
Accomodation,,
SaaS,,
Edtech,,
Edtech,,
E-mobility,,
Edtech,,
Food,,
Healthtech,,
Fintech,,
Edtech,,
Ad-tech,,
E-mobility,,
Fintech,,
Agritech,,
Automotive,,
Transport,,
SaaS,,
Marketplace,,
Healthtech,,
Edtech,,
Edtech,,
Fintech,,
SaaS,,
Fintech,,
Marketplace,,
SaaS,,
Insurtech,,
Interior Design,,
Fintech,,
Edtech,,
Fintech,,
SaaS,,
Neo-banking,,
Transport Automation,,
Food,,
Healthtech,,
Edtech,,
Automotive and Rentals,,
Techonology,,
Dairy,,
SaaS,,
IoT,,
Beverage,,
Transport & Rentals,,
Fintech,,
SaaS,,
AI,,
AI Robotics,,
HR tech,,
Pharmaceutical,,
Healthtech,,
Healthtech,,
Fintech,,
Edtech,,
B2B marketplace,,
HR tech,,
Edtech,,
Fintech,,
Ecommerce,,
Gaming,,
Automotive and Rentals,,
Automation,,
Preschool Daycare,,
,,
Food diet,,
Fintech,,
B2B Agritech,,
B2B Agritech,,
E-connect,,
AI,,
Fintech,,
Ecommerce,,
Tech hub,,
FMCG,,
Technology,,
Edtech,,
Entertainment,,
Medtech,,
Consultancy,,
Fintech,,
Edtech,,
Ecommerce,,
,,
Ecommerce,,
Rental,,
Foodtech,,
Edtech,,
Pharmacy,,
SaaS,,
Beverage,,
Logistics,,
SaaS,,
Edtech,,
Deisgning,,
Taxation,,
Fintech,,
Logistics,,
Agritech,,
Fintech,,
Automobile Technology,,
Fashion,,
Edtech,,
Fintech,,
Cosmetics,,
Transport,,
Logitech,,
AI startup,,
EdTech,,
EdTech,,
B2B E-commerce,,
FinTech,,
Home services,,
HealthTech,,
E-commerce,,
HealthTech,,
B2B service,,
Helathcare,,
Renewable Energy,,
E-commerce,,
Electronics,,
Renewable Energy,,
IT startup,,
EdTech,,
FinTech,,
FinTech,,
Food & Beverages,,
Aeorspace,,
FinTech,,
Deep Tech,,
HealthTech,,
HealthTech,,
Dating,,
EdTech,,
Gaming,,
Robotics,,
Retail,,
Food,,
Oil and Energy,,
FinTech,,
Tech Startup,,
AgriTech,,
Electronics,,
Telecommuncation,,
Milk startup,,
EdTech,,
AI Chatbot,,
IT,,
Logistics,,
Hospitality,,
Fashion,,
E-commerce,,
FinTech,,
Marketing,,
Transportation,,
LegalTech,,
Food delivery,,
EdTech,,
Automotive,,
FinTech,,
FinTech,,
SaaS startup,,
HealthTech,,
Renewable Energy,,
FinTech,,
Fantasy sports,,
FinTech,,
FinTech,,
FinTech,,
Video communication,,
Social Media,,
Skill development,,
Retail,,
FinTech,,
FinTech,,
Rental,,
FinTech,,
E-commerce,,
E-commerce,,
EdTech,,
EdTech,,
Tech Startup,,
Recruitment,,
E-commerce,,
Social Media,,
Retail,,
SaaS startup,,
Sports,,
Computer Games,,
FinTech,,
Consumer Goods,,
FinTech,,
Food & Beverages,,
Information Technology,,
Apparel & Fashion,,
Logistics & Supply Chain,,
Retail,,
EdTech,,
Healthcare,,
SportsTech,,
HRTech,,
Gaming,,
FinTech,,
Food & Beverages,,
Information Technology,,
Apparel & Fashion,,
Logistics & Supply Chain,,
Retail,,
EdTech,,
Healthcare,,
SportsTech,,
HRTech,,
Gaming,,
FinTech,,
Wine & Spirits,,
Mechanical & Industrial Engineering,,
Spiritual,,
Financial Services,,
Consumer Goods,,
Industrial Automation,,
Consumer Goods,,
Information Technology,,
Health,,
Lifestyle,,
Automotive,,
IoT,,
Consumer Goods,,
Logistics,,
FinTech,,
Banking,,
Computer software,,
Computer software,,
Automotive,,
FinTech,,
Computer software,,
AgriTech,,
Tech startup,,
Digital mortgage,,
Hospitality,,
Information Technology & Services,,
FinTech,,
Furniture,,
Healthcare,,
E-commerce,,
EdTech,,
B2B marketplace,,
Computer software,,
EdTech,,
Food & Beverages,,
Financial Services,,
Healtcare,,
Retail,,
Gaming,,
Location Analytics,,
Media,,
Consumer Electronics,,
EdTech,,
Tobacco,,
Deeptech,,
EdTech,,
EdTech,,
Insuretech,,
Logistics & Supply Chain,,
Financial Services,,
EdTech,,
MLOps platform,,
Logistics & Supply Chain,,
Venture Capital,,
Financial Services,,
Pet care,,
Food & Beverages,,
Consumer Goods,,
FinTech,,
FinTech,,
FinTech,,
Healthcare,,
Media,,
Logistics,,
EdTech,,
FinTech,,
AgriTech,,
Drone,,
Banking,,
Deeptech,,
SportsTech,,
Health,,
Consumer Goods,,
Computer software,,
Wholesale,,
Consumer Goods,,
Apparel & Fashion,,
Logistics & Supply Chain,,
Logistics & Supply Chain,,
Construction,,
E-learning,,
Food & Beverages,,
Consumer Services,,
Venture Capital & Private Equity,,
Financial Services,,
"Health, Wellness & Fitness",,
OTT,,
Automotive,,
Education Management,,
Financial Services,,
Computer Software,,
AgriTech,,
Information Technology & Services,,
Insurance,,
Software Startup,,
Computer & Network Security,,
Automotive,,
Capital Markets,,
Social network,,
Automotive,,
Hospital & Health Care,,
Information Technology & Services,,
E-learning,,
Music,,
Information Technology & Services,,
Financial Services,,
Insurance,,
Consumer Goods,,
Hauz Khas,,
Capital Markets,,
Social network,,
Automotive,,
Hospital & Health Care,,
Information Technology & Services,,
E-learning,,
Music,,
Information Technology & Services,,
Financial Services,,
Insurance,,
Consumer Goods,,
Hauz Khas,,
Hospital & Health Care,,
"Health, Wellness & Fitness",,
Financial Services,,
E-learning,,
Retail,,
Cosmetics,,
FinTech,,
Information Technology & Services,,
Consumer Electronics,,
Mobility,,
Social media,,
Financial Services,,
Real Estate,,
E-learning,,
"Health, Wellness & Fitness",,
Digital platform,,
E-learning,,
Computer Software,,
Financial Services,,
B2B Ecommerce,,
Online Media,,
Computer Software,,
Information Technology & Services,,
Food & Beverages,,
Industrial Automation,,
E-commerce,,
Real Estate,,
E-commerce,,
"Health, Wellness & Fitness",,
B2B Ecommerce,,
Logistics & Supply Chain,,
Consumer Electronics,,
E-learning,,
Consumer Goods,,
Logistics & Supply Chain,,
Consumer Goods,,
Social commerce,,
Logistics & Supply Chain,,
Financial Services,,
Food & Beverages,,
Apparel & Fashion,,
Information Technology & Services,,
Apparel & Fashion,,
Food & Beverages,,
Mobile Games,,
Banking,,
Food Production,,
Dating,,
E-commerce,,
"Health, Wellness & Fitness",,
Insurance,,
Construction,,
Information Technology & Services,,
Financial Services,,
EdTech,,
Construction,,
HeathTech,,
EdTech,,
EdTech,,
FinTech,,
Content publishing,,
FinTech,,
AI startup,,
EdTech,,
FinTech,,
EdTech,,
EdTech,,
E-commerce,,
FinTech,,
HealthTech,,
Helathcare,,
Water purification,,
FinTech,,
EdTech,,
Real Estate,,
FinTech,,
E-commerce,,
HealthTech,,
Innovation Management,,
Software company,,
Automation,,
EdTech,,
Food Industry,,
FinTech,,
FinTech,,
Celebrity Engagement,,
Trading platform,,
FinTech,,
E-commerce,,
FinTech,,
Hospitality,,
Gaming,,
Personal Care,,
EdTech,,
HealthTech,,
Transportation,,
HealthTech,,
E-commerce,,
Healthcare,,
FinTech,,
HealthTech,,
FinTech,,
Cannabis startup,,
Gaming,,
Blogging,,
Healthcare,,
AgriTech,,
BioTechnology,,
HealthTech,,
FinTech,,
B2B Marketplace,,
EdTech,,
FinTech,,
Tech Startup,,
EdTech,,
B2B service,,
Hospitality,,
Tech Startup,,
Social audio,,
Gaming,,
FinTech,,
Fashion and lifestyle,,
Delivery service,,
EdTech,,
EdTech,,
B2B Manufacturing,,
FinTech,,
Gaming,,
Home Decor,,
Solar,,
TaaS startup,,
FinTech,,
Health care,,
EdTech,,
EV startup,,
HR Tech,,
AgriTech,,
AgriTech,,
Blockchain startup,,
Food and Beverages,,
FinTech,,
Beverages,,
EdTech,,
Manufacturing startup,,
FinTech,,
Cryptocurrency,,
E-commerce,,
E-commerce,,
Vehicle repair startup,,
IT,,
E-commerce,,
EdTech,,
AgriTech,,
Media,,
EdTech,,
Healthcare,,
Food and Beverages,,
FinTech,,
Gaming,,
Insuretech,,
Legaltech,,
EdTech,,
FinTech,,
Pollution control equiptment,,
FinTech,,
Fashion & Lifestyle,,
Media,,
EdTech,,
Healthcare,,
FinTech,,
AgriTech,,
Cosmetics,,
Hospitality,,
FinTech,,
EdTech,,
EdTech,,
BioTechnology,,
E-commerce,,
Healthcare,,
EdTech,,
Logistics,,
Food & Beverages,,
Cosmetics,,
Blockchain,,
Automotive,,
Financial Services,,
EdTech,,
Consulting,,
Real Estate,,
E-commerce,,
SaaS startup,,
Media,,
Fitness,,
Healthcare,,
D2C,,
IT,,
Gaming,,
EdTech,,
Mobility,,
Media,,
FinTech,,
IT,,
IT,,
Food & Beverages,,
Fitness,,
Automobile,,
Environmental Services,,
Consumer Services,,
Healthcare,,
D2C,,
Merchandise,,
Facilities Services,,
EdTech,,
Healthcare,,
Logistics & Supply Chain,,
Marketing & Advertising,,
Healthcare,,
Healthcare,,
Logistics,,
Food & Beverages,,
Eyewear,,
Healthcare,,
EdTech,,
Consumer Services,,
FinTech,,
D2C Business,,
Automotive,,
Biotechnology,,
Human Resources,,
Healthcare,,
Farming,,
Automotive,,
Healthcare,,
FinTech,,
Healthcare,,
FinTech,,
Solar,,
Biotechnology,,
Consumer Goods,,
Internet,,
Information Technology,,
Internet,,
SpaceTech,,
AgriTech,,
Real Estate,,
Hospitality,,
Automotive,,
Consumer software,,
EdTech,,
Social commerce,,
EdTech,,
Healthcare,,
Social community,,
Information Technology,,
Fishery,,
EdTech,,
Apparel & Fashion,,
Computer software,,
Online storytelling,,
Automotive,,
Deeptech,,
Farming,,
Consumer Goods,,
Automotive,,
Insuretech,,
Food & Beverages,,
Food & Beverages,,
Gaming,,
Consumer Goods,,
Aviation,,
FinTech,,
Internet,,
Information Technology,,
Healthcare,,
Information Technology,,
Healthcare,,
Cosmetics,,
Computer software,,
Food & Beverages,,
EdTech,,
Consumer Goods,,
Logistics,,
Retail,,
EdTech,,
Transportation,,
Hospitality,,
Construction,,
Logistics,,
EdTech,,
Job discovery platform,,
HealthCare,,
HealthCare,,
Home services,,
Rental,,
Logistics,,
EdTech,,
EdTech,,
FinTech,,
EdTech,,
Logistics,,
HealthCare,,
AgriTech,,
Mobility,,
EdTech,,
E-commerce,,
Heathcare,,
E-commerce,,
Heathcare,,
Food & Beverages,,
FinTech,,
IT startup,,
Logistics,,
FinTech,,
Renewable Energy,,
Consulting,,
EdTech,,
Logistics,,
CRM,,
EV startup,,
HealthCare,,
FinTech,,
Software,,
Logistics,,
E-commerce,,
EdTech,,
Nutrition,,
SaaS startup,,
FinTech,,
FinTech,,
FinTech,,
Human Resources,,
Fashion,,
SaaS startup,,
Insuretech,,
SaaS startup,,
Innovation management,,
EdTech,,
Insuretech,,
Community platform,,
AgriTech,,
FinTech,,
EdTech,,
Insuretech,,
FinTech,,
E-commerce,,
EdTech,,
Venture capitalist,,
Tech Startup,,
Networking,,
Recruitment,,
EV startup,,
FinTech,,
HealthCare,,
AR startup,,
Automotive,,
Automotive,,
HealthCare,,
EdTech,,
E-commerce,,
Logistics,,
Gaming,,
HealthCare,,
EdTech,,
FinTech,,
IT startup,,
Fashion,,
Automation,,
Automotive,,
Solar,,
HealthCare,,
IT startup,,
EdTech,,
IT startup,,
Hospitality,,
Automotive,,
HealthCare,,
Pet care,,
EdTech,,
HealthCare,,
FinTech,,
Food & Beverages,,
Media,,
MarTech,,
Tech Startup,,
Advertisement,,
Gaming,,
AgriTech,,
FinTech,,
FinTech,,
E-commerce,,
Heathcare,,
AgriTech,,
Lifestyle,,
FinTech,,
FinTech,,
EdTech,,
FinTech,,
HealthCare,,
EdTech,,
D2C Fashion,,
FinTech,,
BioTechnology,,
Bike Rental,,
AI startup,,
BioTechnology,,
FinTech,,
FinTech,,
FinTech,,
Beauty products,,
Tech Startup,,
Health care,,
Tech Startup,,
Heathcare,,
Tourism,,
Gaming,,
Automotive,,
SpaceTech,,
Solar,,
Beauty products,,
Gaming,,
Insurance,,
Rental space,,
HealthCare,,
FinTech,,
Consulting,,
FinTech,,
FinTech,,
FemTech,,
Cultural,,
FinTech,,
FinTech,,
FinTech,,
FinTech,,
Hospitality,,
HealthCare,,
HealthTech,,
EdTech,,
Co-working,,
FinTech,,
InsureTech,,
Gaming,,
EdTech,,
E-commerce,,
InsureTech,,
Supply chain platform,,
FinTech,,
Social platform,,
Gaming,,
E-commerce,,
Drone,,
E-commerce,,
EdTech,,
E-commerce,,
Automotive,,
FinTech,,
Blockchain startup,,
EdTech,,
Recruitment,,
Drone,,
CleanTech,,
FinTech,,
Fashion,,
EdTech,,
FinTech,,
Fashion,,
Real estate,,
Consulting,,
Sports startup,,
Renewable Energy,,
FinTech,,
AI company,,
SpaceTech,,
SaaS startup,,
EdTech,,
FinTech,,
Matrimony,,
Social Media,,
EdTech,,
Human Resources,,
BioTechnology,,
AgriTech,,
FinTech,,
Mobility,,
Electronics,,
Sports startup,,
FinTech,,
HealthCare,,
HealthCare,,
EdTech,,
SaaS startup,,
Clothing,,
Consulting,,
HealthCare,,
FinTech,,
FinTech,,
Tech Startup,,
IT startup,,
Analytics,,
FinTech,,
Finance,,
AI startup,,
AI startup,,
AI startup,,
Retail,,
EdTech,,
HealthCare,,
Software,,
Transportation,,
EdTech,,
E-commerce,,
FinTech,,
FinTech,,
IoT platform,,
FinTech,,
E-commerce,,
Financial Services,,
Commerce,,
Hospitality,,
Financial Services,,
Retail,,
Food & Beverages,,
HR Tech,,
Financial Services,,
Mobility,,
Logistics & Supply Chain,,
Consumer Goods,,
"Health, Wellness & Fitness",,
Renewables & Environment,,
Information Technology & Services,,
"Health, Wellness & Fitness",,
SaaS startup,,
Entertainment,,
Retail,,
E-commerce,,
Business Supplies & Equipment,,
FinTech,,
NFT,,
Furniture,,
Oil & Energy,,
EV,,
Financial Services,,
E-learning,,
Online Media,,
Information Technology & Services,,
Food & Beverages,,
Company-as-a-Service,,
Eyewear,,
Textiles,,
Information Technology & Services,,
Information Technology & Services,,
Hospital & Health Care,,
Computer Software,,
D2C,,
Professional Training & Coaching,,
Maritime,,
Consumer Goods,,
Information Technology & Services,,
Financial Services,,
Financial Services,,
Furniture,,
Venture Capital & Private Equity,,
Financial Services,,
E-learning,,
E-learning,,
Financial Services,,
"Health, Wellness & Fitness",,
Housing Marketplace,,
Education Management,,
Real Estate,,
Industrial Automation,,
Financial Services,,
Financial Services,,
Consumer Goods,,
Financial Services,,
Real Estate,,
Tech startup,,
Automotive,,
Sports,,
Automotive,,
Furniture Rental,,
Financial Services,,
E-learning,,
E-learning,,
Hospital & Health Care,,
Financial Services,,
Cosmetics,,
Consumer Goods,,
FinTech,,
Recruitment,,
Textiles,,
E-commerce,,
Information Technology & Services,,
Insurance,,
EdTech,,
Information Technology & Services,,
Food & Beverages,,
Mobility,,
Information Technology & Services,,
EdTech,,
Telecommunications,,
Crypto,,
Insurance,,
Automotive,,
Information Technology & Services,,
"Health, Wellness & Fitness",,
Equity Management,,
Cloud kitchen,,
Marketing & Advertising,,
Nanotechnology,,
Entertainment,,
Computer Software,,
Automotive,,
Community,,
Retail,,
Higher Education,,
Financial Services,,
Financial Services,,
"Health, Wellness & Fitness",,
Media,,
NFT,,
B2B,,
Mechanical Or Industrial Engineering,,
Software Startup,,
Financial Services,,
Financial Services,,
Financial Services,,
E-learning,,
Automotive,,
D2C jewellery,,
Sales and Distribution,,
SaaS,,
E-learning,,
Food & Beverages,,
Information Technology & Services,,
Information Services,,
Apparel & Fashion,,
Crypto,,
Information Technology & Services,,
"Health, Wellness & Fitness",,
Furniture,,
Financial Services,,
Computer Software,,
Biotechnology,,
SaaS,,
Translation & Localization,,
Finance,,
Education Management,,
Entertainment,,
Financial Services,,
Financial Services,,
Marketing & Advertising,,
Automotive,,
Entertainment,,
Financial Services,,
Food & Beverages,,
Investment Banking,,
Farming,,
EdTech,,
Information Technology & Services,,
Retail,,
Hospitality,,
Information Technology & Services,,
Mechanical Or Industrial Engineering,,
E-learning,,
Social commerce,,
Food & Beverages,,
Computer Software,,
Finance,,
Consumer Goods,,
Financial Services,,
E-learning,,
Logistics & Supply Chain,,
Information Technology & Services,,
Marketing,,
Financial Services,,
Financial Services,,
Financial Services,,
AgriTech,,
Femtech,,
Computer Software,,
Human Resources,,
Information Technology & Services,,
Financial Services,,
Computer Software,,
sports,,
Tech startup,,
Foootwear,,
Computer Software,,
Consumer Goods,,
Insurance,,
Retail,,
Food & Beverages,,
Legal Services,,
Hospital & Health Care,,
Veterinary,,
Financial Services,,
Consumer Goods,,
E-commerce,,
Hospital & Health Care,,
E-learning,,
Hospital & Health Care,,
FinTech,,
E-learning,,
Telecommunications,,
sports,,
Social commerce,,
Computer Software,,
Information Technology & Services,,
Blockchain,,
Financial Services,,
Automotive,,
Construction,,
FinTech,,
Information Technology & Services,,
Financial Services,,
Financial Services,,
FinTech,,
Food & Beverages,,
Financial Services,,
"Health, Wellness & Fitness",,
Healthtech,,
Logistics & Supply Chain,,
Financial Services,,
Investment Management,,
Education,,
"Health, Wellness & Fitness",,
Management Consulting,,
Hospital & Health Care,,
B2B startup,,
Financial Services,,
Information Technology & Services,,
Hospital & Health Care,,
FinTech,,
Financial Services,,
Retail,,
Logistics & Supply Chain,,
Professional Training & Coaching,,
Hospitality,,
E-learning,,
Computer Software,,
Automotive,,
Financial Services,,
Online Media,,
Information Technology & Services,,
Mobility,,
Design,,
Computer Software,,
E-learning,,
Food & Beverages,,
Consumer Services,,
Biotechnology,,
Financial Services,,
E-learning,,
FinTech,,
Healtcare,,
Automotive,,
Computer Software,,
B2B Travel,,
Food & Beverages,,
Information Technology & Services,,
Information Technology & Services,,
Hospital & Health Care,,
Financial Services,,
EdTech,,
Computer Software,,
Retail,,
Healthtech,,
E-learning,,
FinTech,,
Information Technology & Services,,
Consumer Services,,
Information Technology & Services,,
sports,,
EdTech,,
Music,,
Gaming,,
"Health, Wellness & Fitness",,
Recruitment,,
AgriTech,,
Apparel & Fashion,,
Wine & Spirits,,
SaaS startup,,
Information Technology & Services,,
Financial Services,,
Financial Services,,
Biotechnology,,
Computer Games,,
AgriTech,,
Food Production,,
Consumer Services,,
"Health, Wellness & Fitness",,
Interior Design,,
E-learning,,
FinTech,,
Industrial Automation,,
Financial Services,,
EdTech,,
AI startup,,
Information Technology & Services,,
Automotive,,
Investment Management,,
Product studio,,
EdTech,,
E-commerce,,
Health,,
Retail,,
EdTech,,
Food & Beverages,,
SaaS startup,,
Deeptech,,
Information Technology & Services,,
Blockchain,,
Biotechnology,,
"Health, Wellness & Fitness",,
B2B,,
FinTech,,
Logistics & Supply Chain,,
Design,,
Internet,,
Information Technology & Services,,
Food Production,,
AgriTech,,
Aviation & Aerospace,,
Deeptech,,
Logistics & Supply Chain,,
Staffing & Recruiting,,
Food & Beverages,,
Financial Services,,
EdTech,,
Financial Services,,
